{
  "losses": [
    1.018716013559731,
    1.0116670887957337,
    1.006161698731043,
    1.0016730908424623,
    0.997743207921264,
    0.9938961901972371,
    0.9899029802250606,
    0.985311326801136,
    0.9799279384715582,
    0.9732217410559295,
    0.9652895094245992,
    0.9556455048181678,
    0.9440561090746233,
    0.9307635182975441,
    0.9161775785107766,
    0.8992572753660141,
    0.8823540210723877,
    0.8631266349105424,
    0.8432518256607876,
    0.8235956975208816
  ],
  "metrics": {
    "both": {
      "optimistic": {
        "adjusted_arithmetic_mean_rank": 0.5455893251365942,
        "adjusted_arithmetic_mean_rank_index": 0.45445234466037254,
        "adjusted_geometric_mean_rank_index": 0.8597402315601816,
        "adjusted_hits_at_k": 0.11891421784664755,
        "adjusted_inverse_harmonic_mean_rank": 0.07904101778709328,
        "arithmetic_mean_rank": 5950.217329545455,
        "count": 704.0,
        "geometric_mean_rank": 1127.382662972432,
        "harmonic_mean_rank": 12.580638517718898,
        "hits_at_1": 0.061079545454545456,
        "hits_at_10": 0.11931818181818182,
        "hits_at_3": 0.078125,
        "hits_at_5": 0.09375,
        "inverse_arithmetic_mean_rank": 0.00016806108829581042,
        "inverse_geometric_mean_rank": 0.0008870102697547454,
        "inverse_harmonic_mean_rank": 0.07948722146269238,
        "inverse_median_rank": 0.0002914177473408131,
        "median_absolute_deviation": 5050.484457339333,
        "median_rank": 3431.5,
        "standard_deviation": 6393.859487171135,
        "variance": 40881439.141688325,
        "z_arithmetic_mean_rank": 20.88404657687695,
        "z_geometric_mean_rank": 22.863239260714916,
        "z_hits_at_k": 147.3188473231047,
        "z_inverse_harmonic_mean_rank": 241.7546983381449
      },
      "pessimistic": {
        "adjusted_arithmetic_mean_rank": 0.5455893251365942,
        "adjusted_arithmetic_mean_rank_index": 0.45445234466037254,
        "adjusted_geometric_mean_rank_index": 0.8597402315601816,
        "adjusted_hits_at_k": 0.11891421784664755,
        "adjusted_inverse_harmonic_mean_rank": 0.07904101778709328,
        "arithmetic_mean_rank": 5950.217329545455,
        "count": 704.0,
        "geometric_mean_rank": 1127.382662972432,
        "harmonic_mean_rank": 12.580638517718898,
        "hits_at_1": 0.061079545454545456,
        "hits_at_10": 0.11931818181818182,
        "hits_at_3": 0.078125,
        "hits_at_5": 0.09375,
        "inverse_arithmetic_mean_rank": 0.00016806108829581042,
        "inverse_geometric_mean_rank": 0.0008870102697547454,
        "inverse_harmonic_mean_rank": 0.07948722146269238,
        "inverse_median_rank": 0.0002914177473408131,
        "median_absolute_deviation": 5050.484457339333,
        "median_rank": 3431.5,
        "standard_deviation": 6393.859487171135,
        "variance": 40881439.141688325,
        "z_arithmetic_mean_rank": 20.88404657687695,
        "z_geometric_mean_rank": 22.863239260714916,
        "z_hits_at_k": 147.3188473231047,
        "z_inverse_harmonic_mean_rank": 241.7546983381449
      },
      "realistic": {
        "adjusted_arithmetic_mean_rank": 0.5455893210664443,
        "adjusted_arithmetic_mean_rank_index": 0.4544523487308956,
        "adjusted_geometric_mean_rank_index": 0.8597402737425719,
        "adjusted_hits_at_k": 0.11891421784664755,
        "adjusted_inverse_harmonic_mean_rank": 0.07904101577628464,
        "arithmetic_mean_rank": 5950.21728515625,
        "count": 704.0,
        "geometric_mean_rank": 1127.38232421875,
        "harmonic_mean_rank": 12.580638885498047,
        "hits_at_1": 0.061079545454545456,
        "hits_at_10": 0.11931818181818182,
        "hits_at_3": 0.078125,
        "hits_at_5": 0.09375,
        "inverse_arithmetic_mean_rank": 0.00016806108760647476,
        "inverse_geometric_mean_rank": 0.0008870105375535786,
        "inverse_harmonic_mean_rank": 0.07948721945285797,
        "inverse_median_rank": 0.00029141776030883193,
        "median_absolute_deviation": 5050.484375,
        "median_rank": 3431.5,
        "standard_deviation": 6393.85986328125,
        "variance": 40881444.0,
        "z_arithmetic_mean_rank": 20.884046763935054,
        "z_geometric_mean_rank": 22.863240382479425,
        "z_hits_at_k": 147.3188473231047,
        "z_inverse_harmonic_mean_rank": 241.75469218788962
      }
    },
    "head": {
      "optimistic": {
        "adjusted_arithmetic_mean_rank": 0.5467884059397702,
        "adjusted_arithmetic_mean_rank_index": 0.4532531439368239,
        "adjusted_geometric_mean_rank_index": 0.8454018629258179,
        "adjusted_hits_at_k": 0.11891431535745424,
        "adjusted_inverse_harmonic_mean_rank": 0.08660215825701727,
        "arithmetic_mean_rank": 5964.724431818182,
        "count": 352.0,
        "geometric_mean_rank": 1243.7058497627897,
        "harmonic_mean_rank": 11.488363182044157,
        "hits_at_1": 0.07386363636363637,
        "hits_at_10": 0.11931818181818182,
        "hits_at_3": 0.08522727272727272,
        "hits_at_5": 0.09659090909090909,
        "inverse_arithmetic_mean_rank": 0.00016765233858342346,
        "inverse_geometric_mean_rank": 0.0008040486423624433,
        "inverse_harmonic_mean_rank": 0.08704460192927738,
        "inverse_median_rank": 0.0002793686269031988,
        "median_absolute_deviation": 5201.709883626904,
        "median_rank": 3579.5,
        "standard_deviation": 6287.411889467095,
        "variance": 39531548.26781218,
        "z_arithmetic_mean_rank": 14.728294821257382,
        "z_geometric_mean_rank": 15.913800452743544,
        "z_hits_at_k": 104.18281616092003,
        "z_inverse_harmonic_mean_rank": 187.3218448159223
      },
      "pessimistic": {
        "adjusted_arithmetic_mean_rank": 0.5467884059397702,
        "adjusted_arithmetic_mean_rank_index": 0.4532531439368239,
        "adjusted_geometric_mean_rank_index": 0.8454018629258179,
        "adjusted_hits_at_k": 0.11891431535745424,
        "adjusted_inverse_harmonic_mean_rank": 0.08660215825701727,
        "arithmetic_mean_rank": 5964.724431818182,
        "count": 352.0,
        "geometric_mean_rank": 1243.7058497627897,
        "harmonic_mean_rank": 11.488363182044157,
        "hits_at_1": 0.07386363636363637,
        "hits_at_10": 0.11931818181818182,
        "hits_at_3": 0.08522727272727272,
        "hits_at_5": 0.09659090909090909,
        "inverse_arithmetic_mean_rank": 0.00016765233858342346,
        "inverse_geometric_mean_rank": 0.0008040486423624433,
        "inverse_harmonic_mean_rank": 0.08704460192927738,
        "inverse_median_rank": 0.0002793686269031988,
        "median_absolute_deviation": 5201.709883626904,
        "median_rank": 3579.5,
        "standard_deviation": 6287.411889467095,
        "variance": 39531548.26781218,
        "z_arithmetic_mean_rank": 14.728294821257382,
        "z_geometric_mean_rank": 15.913800452743544,
        "z_hits_at_k": 104.18281616092003,
        "z_inverse_harmonic_mean_rank": 187.3218448159223
      },
      "realistic": {
        "adjusted_arithmetic_mean_rank": 0.5467884222164667,
        "adjusted_arithmetic_mean_rank_index": 0.4532531276586351,
        "adjusted_geometric_mean_rank_index": 0.8454019589209923,
        "adjusted_hits_at_k": 0.11891431535745424,
        "adjusted_inverse_harmonic_mean_rank": 0.0866021529972502,
        "arithmetic_mean_rank": 5964.724609375,
        "count": 352.0,
        "geometric_mean_rank": 1243.705078125,
        "harmonic_mean_rank": 11.488364219665527,
        "hits_at_1": 0.07386363636363637,
        "hits_at_10": 0.11931818181818182,
        "hits_at_3": 0.08522727272727272,
        "hits_at_5": 0.09659090909090909,
        "inverse_arithmetic_mean_rank": 0.00016765233885962516,
        "inverse_geometric_mean_rank": 0.0008040491375140846,
        "inverse_harmonic_mean_rank": 0.0870445966720581,
        "inverse_median_rank": 0.0002793686289805919,
        "median_absolute_deviation": 5201.7099609375,