{
  "losses": [
    1.0525633686332292,
    0.7681675341821486,
    0.5680466085992834,
    0.42050146992488574,
    0.3108407821386091,
    0.2369048919088097,
    0.187250673610677,
    0.1475921564044491,
    0.11505781434556489,
    0.09757115776019712,
    0.08103110072433307,
    0.06942686314384143,
    0.059343072756003305,
    0.051025315197885675,
    0.04526396672571859,
    0.038724391070264645,
    0.0365690128697503,
    0.03219669353297,
    0.029131070260078676,
    0.026595695625229548
  ],
  "metrics": {
    "both": {
      "optimistic": {
        "adjusted_arithmetic_mean_rank": 0.36677754840222193,
        "adjusted_arithmetic_mean_rank_index": 0.6332805185677073,
        "adjusted_geometric_mean_rank_index": 0.8786057089071344,
        "adjusted_hits_at_k": 0.056385549435764466,
        "adjusted_inverse_harmonic_mean_rank": 0.021105597139142087,
        "arithmetic_mean_rank": 4000.0894886363635,
        "count": 704.0,
        "geometric_mean_rank": 975.8798703421677,
        "harmonic_mean_rank": 46.33948111811783,
        "hits_at_1": 0.0,
        "hits_at_10": 0.056818181818181816,
        "hits_at_3": 0.022727272727272728,
        "hits_at_5": 0.03977272727272727,
        "inverse_arithmetic_mean_rank": 0.00024999440708535286,
        "inverse_geometric_mean_rank": 0.0010247162897717883,
        "inverse_harmonic_mean_rank": 0.02157987046620208,
        "inverse_median_rank": 0.0005583472920156337,
        "median_absolute_deviation": 2584.1756668552644,
        "median_rank": 1791.0,
        "standard_deviation": 4985.595864497448,
        "variance": 24856166.124094058,
        "z_arithmetic_mean_rank": 29.1019729601805,
        "z_geometric_mean_rank": 23.364932570528094,
        "z_hits_at_k": 69.85417134281678,
        "z_inverse_harmonic_mean_rank": 64.55353704279962
      },
      "pessimistic": {
        "adjusted_arithmetic_mean_rank": 0.36677846011578763,
        "adjusted_arithmetic_mean_rank_index": 0.6332796067705369,
        "adjusted_geometric_mean_rank_index": 0.878605513259386,
        "adjusted_hits_at_k": 0.056385549435764466,
        "adjusted_inverse_harmonic_mean_rank": 0.021105596845836815,
        "arithmetic_mean_rank": 4000.099431818182,
        "count": 704.0,
        "geometric_mean_rank": 975.8814415285048,
        "harmonic_mean_rank": 46.33948174764104,
        "hits_at_1": 0.0,
        "hits_at_10": 0.056818181818181816,
        "hits_at_3": 0.022727272727272728,
        "hits_at_5": 0.03977272727272727,
        "inverse_arithmetic_mean_rank": 0.00024999378566583925,
        "inverse_geometric_mean_rank": 0.001024714639960484,
        "inverse_harmonic_mean_rank": 0.021579870173038914,
        "inverse_median_rank": 0.0005583472920156337,
        "median_absolute_deviation": 2584.1756668552644,
        "median_rank": 1791.0,
        "standard_deviation": 4985.602869570324,
        "variance": 24856235.973067857,
        "z_arithmetic_mean_rank": 29.101931059165352,
        "z_geometric_mean_rank": 23.364927367629456,
        "z_hits_at_k": 69.85417134281678,
        "z_inverse_harmonic_mean_rank": 64.5535361456967
      },
      "realistic": {
        "adjusted_arithmetic_mean_rank": 0.3667780062940797,
        "adjusted_arithmetic_mean_rank_index": 0.6332800606338607,
        "adjusted_geometric_mean_rank_index": 0.8786056009509609,
        "adjusted_hits_at_k": 0.056385549435764466,
        "adjusted_inverse_harmonic_mean_rank": 0.021105597627332457,
        "arithmetic_mean_rank": 4000.094482421875,
        "count": 704.0,
        "geometric_mean_rank": 975.8807373046875,
        "harmonic_mean_rank": 46.339481353759766,
        "hits_at_1": 0.0,
        "hits_at_10": 0.056818181818181816,
        "hits_at_3": 0.022727272727272728,
        "hits_at_5": 0.03977272727272727,
        "inverse_arithmetic_mean_rank": 0.0002499941037967801,
        "inverse_geometric_mean_rank": 0.001024715369567275,
        "inverse_harmonic_mean_rank": 0.021579870954155922,
        "inverse_median_rank": 0.0005583472666330636,
        "median_absolute_deviation": 2584.17578125,
        "median_rank": 1791.0,
        "standard_deviation": 4985.59912109375,
        "variance": 24856200.0,
        "z_arithmetic_mean_rank": 29.101951916143875,
        "z_geometric_mean_rank": 23.364929699628565,
        "z_hits_at_k": 69.85417134281678,
        "z_inverse_harmonic_mean_rank": 64.5535385359777
      }
    },
    "head": {
      "optimistic": {
        "adjusted_arithmetic_mean_rank": 0.3529530029268105,
        "adjusted_arithmetic_mean_rank_index": 0.647106317539019,
        "adjusted_geometric_mean_rank_index": 0.8822147545246826,
        "adjusted_hits_at_k": 0.03933238255103073,
        "adjusted_inverse_harmonic_mean_rank": 0.01947024094983,
        "arithmetic_mean_rank": 3850.2414772727275,
        "count": 352.0,
        "geometric_mean_rank": 947.7928678706397,
        "harmonic_mean_rank": 50.137369211855386,
        "hits_at_1": 0.0,
        "hits_at_10": 0.03977272727272727,
        "hits_at_3": 0.02556818181818182,
        "hits_at_5": 0.03409090909090909,
        "inverse_arithmetic_mean_rank": 0.0002597239694971906,
        "inverse_geometric_mean_rank": 0.0010550828497440073,
        "inverse_harmonic_mean_rank": 0.019945202864045407,
        "inverse_median_rank": 0.0006188118811881188,
        "median_absolute_deviation": 2331.391988600059,
        "median_rank": 1616.0,
        "standard_deviation": 4932.334789218868,
        "variance": 24327926.472938728,
        "z_arithmetic_mean_rank": 21.027482661524136,
        "z_geometric_mean_rank": 16.606764398866545,
        "z_hits_at_k": 34.45975674305678,
        "z_inverse_harmonic_mean_rank": 42.1144406460233
      },
      "pessimistic": {
        "adjusted_arithmetic_mean_rank": 0.3529532633539552,
        "adjusted_arithmetic_mean_rank_index": 0.6471060570879987,
        "adjusted_geometric_mean_rank_index": 0.8822147349019048,
        "adjusted_hits_at_k": 0.03933238255103073,
        "adjusted_inverse_harmonic_mean_rank": 0.019470240940076166,
        "arithmetic_mean_rank": 3850.244318181818,
        "count": 352.0,
        "geometric_mean_rank": 947.7930256043694,
        "harmonic_mean_rank": 50.13736923636226,
        "hits_at_1": 0.0,
        "hits_at_10": 0.03977272727272727,
        "hits_at_3": 0.02556818181818182,
        "hits_at_5": 0.03409090909090909,
        "inverse_arithmetic_mean_rank": 0.0002597237778594334,
        "inverse_geometric_mean_rank": 0.001055082674154877,
        "inverse_harmonic_mean_rank": 0.0199452028542963,
        "inverse_median_rank": 0.0006188118811881188,
        "median_absolute_deviation": 2331.391988600059,
        "median_rank": 1616.0,
        "standard_deviation": 4932.342403770839,
        "variance": 24328001.588035896,
        "z_arithmetic_mean_rank": 21.02747419826367,
        "z_geometric_mean_rank": 16.606764029488403,
        "z_hits_at_k": 34.45975674305678,
        "z_inverse_harmonic_mean_rank": 42.1144406249256
      },
      "realistic": {
        "adjusted_arithmetic_mean_rank": 0.3529531351749699,
        "adjusted_arithmetic_mean_rank_index": 0.6471061852787353,
        "adjusted_geometric_mean_rank_index": 0.8822148103122465,
        "adjusted_hits_at_k": 0.03933238255103073,
        "adjusted_inverse_harmonic_mean_rank": 0.019470242344425213,
        "arithmetic_mean_rank": 3850.242919921875,
        "count": 352.0,
        "geometric_mean_rank": 947.7924194335938,
        "harmonic_mean_rank": 50.137367248535156,
        "hits_at_1": 0.0,
        "hits_at_10": 0.03977272727272727,
        "hits_at_3": 0.02556818181818182,
        "hits_at_5": 0.03409090909090909,
        "inverse_arithmetic_mean_rank": 0.00025972386356443167,
        "inverse_geometric_mean_rank": 0.0010550833540037274,
        "inverse_harmonic_mean_rank": 0.019945204257965088,
        "inverse_median_rank": 0.0006188118713907897,
        "median_absolute_deviation": 2331.39208984375,