Model,MRR,Hits@1,Hits@3,Hits@10
TransE,0.13902288675308228,0.04221204188481675,0.19404450261780104,0.30955497382198954
DistMult,0.4411124885082245,0.32820680628272253,0.525196335078534,0.599476439790576
