Model,MRR,Hits@1,Hits@3,Hits@10
TransE,0.021579870954155922,0.0,0.022727272727272728,0.056818181818181816
DistMult,0.07948721945285797,0.061079545454545456,0.078125,0.11931818181818182
