Model,MRR,Hits@1,Hits@3,Hits@10
TransE,0.13647149503231049,0.061079545454545456,0.16051136363636365,0.2883522727272727
DistMult,0.42663052678108215,0.3465909090909091,0.46448863636363635,0.5795454545454546
